job_title,location,companies_name,late_posted_time,early_posted_time
Senior Python Developer - Remote,"6th of October, Giza, Egypt ","Nile Bits, LLC -",11 days ago,4 days ago
Python Developer,"Heliopolis, Cairo, Egypt ",RUUF -,10 days ago,
Python Developer (Odoo),"Mohandessin, Giza, Egypt ",ZAD Solutions -,18 days ago,
Senior Python Developer,"Cairo, Egypt ",Andela -,27 days ago,
Senior Python Developer,"Maadi, Cairo, Egypt ",FlairsTech -,1 month ago,
Python API Developer Ocucon Team (UK) - (Alexandria),"San Stefano, Alexandria, Egypt ",Procrew -,1 month ago,
Senior Python Developer,"Cairo, Egypt ",Evolvice GmbH -,1 month ago,
Junior Python Developer,"Nasr City, Cairo, Egypt ",Confidential -,1 month ago,
Full Stack Developer (Python/React) -Fluent English,"Dokki, Giza, Egypt ",Fekra Technology Solutions and Construction -,1 month ago,
Python Developer- Fluent English,"Dokki, Giza, Egypt ",Fekra Technology Solutions and Construction -,1 month ago,
Python Developer Ecommerce ERP System (Odoo) - Fluent English,"Dokki, Giza, Egypt ",Fekra Technology Solutions and Construction -,1 month ago,
Python /Django Team Leader,"Mokattam, Cairo, Egypt ",Div Systems -,26 days ago,
Python Developer,"Heliopolis, Cairo, Egypt ",Trufla -,1 month ago,
Python Programmer,"Yanbu, Saudi Arabia ",Right IT Group -,1 month ago,
Python Developer (Odoo Framework),"Salmiya, Kuwait ",VA -,,
